{
  "train_loss": [
    0.6767505208651224,
    0.6594056685765585,
    0.639839251836141,
    0.6945486068725586,
    0.6448423663775126,
    0.6854811112085978,
    0.5579635898272196,
    0.6159124175707499,
    0.6308115720748901,
    0.6311399936676025,
    0.6055508454640707,
    0.6478151281674703,
    0.8320136070251465,
    0.6619456311066946,
    0.5522207915782928,
    0.642987589041392,
    0.6613520781199137,
    0.5643946727116903,
    0.7154422402381897,
    0.5623775919278463
  ],
  "train_acc": [
    0.5277777777777778,
    0.6111111111111112,
    0.6388888888888888,
    0.5555555555555556,
    0.6944444444444444,
    0.6111111111111112,
    0.7222222222222222,
    0.6388888888888888,
    0.75,
    0.6111111111111112,
    0.6388888888888888,
    0.6944444444444444,
    0.5833333333333334,
    0.7222222222222222,
    0.6666666666666666,
    0.6944444444444444,
    0.6666666666666666,
    0.6944444444444444,
    0.7222222222222222,
    0.6388888888888888
  ],
  "val_loss": [
    0.6363652944564819,
    0.6318162679672241,
    0.6398329734802246,
    0.6398196220397949,
    0.6334147453308105,
    0.6238058805465698,
    0.6335751414299011,
    0.6293829083442688,
    0.6316008567810059,
    0.6346346139907837,
    0.6161704659461975,
    0.608146071434021,
    0.6081031560897827,
    0.6170386075973511,
    0.627949059009552,
    0.6172418594360352,
    0.605484127998352,
    0.6127742528915405,
    0.6125708222389221,
    0.6054853796958923
  ],
  "val_acc": [
    0.9,
    0.9,
    0.9,
    0.9,
    0.8,
    0.9,
    0.8,
    0.8,
    0.8,
    0.7,
    0.7,
    0.7,
    0.9,
    0.7,
    0.7,
    0.7,
    0.9,
    0.8,
    0.9,
    0.8
  ]
}