{
  "result_id": "result_20260122_022002",
  "file_id": "20260122_022001_D2-001_T2.nii",
  "prediction": {
    "has_endometriosis": true,
    "probability": 0.5096867680549622,
    "confidence": 0.019373536109924316
  },
  "radiomics_features": {
    "count": 30,
    "feature_names": [
      "area",
      "centroid_x",
      "centroid_y",
      "compactness",
      "energy",
      "entropy",
      "gradient_max",
      "gradient_mean",
      "gradient_std",
      "kurtosis",
      "local_variance_mean",
      "local_variance_std",
      "max",
      "mean",
      "median",
      "min",
      "percentile_10",
      "percentile_25",
      "percentile_75",
      "percentile_90",
      "perimeter",
      "scale_2_mean",
      "scale_2_std",
      "scale_4_mean",
      "scale_4_std",
      "scale_8_mean",
      "scale_8_std",
      "skewness",
      "std",
      "var"
    ],
    "feature_values": {
      "area": 160000.0,
      "centroid_x": 200.0,
      "centroid_y": 200.0,
      "compactness": 0.0,
      "energy": 180587145720.88843,
      "entropy": 3.075621382936651,
      "gradient_max": 779.398434691781,
      "gradient_mean": 55.83808414959461,
      "gradient_std": 83.45549464536631,
      "kurtosis": -1.2916647357018136,
      "local_variance_mean": 3468.0216226559905,
      "local_variance_std": 7717.531737258668,
      "max": 1996.2666666666642,
      "mean": 1035.8120881342215,
      "median": 1352.7999999999984,
      "min": 5.06666666666666,
      "percentile_10": 30.399999999999963,
      "percentile_25": 395.1999999999995,
      "percentile_75": 1545.3333333333314,
      "percentile_90": 1646.6666666666645,
      "perimeter": 0.0,
      "scale_2_mean": 811.5819599999988,
      "scale_2_std": 686.062596691764,
      "scale_4_mean": 812.0777333333322,
      "scale_4_std": 686.6494667996141,
      "scale_8_mean": 811.9596799999989,
      "scale_8_std": 685.9157836398696,
      "skewness": -0.5471276895676223,
      "std": 606.6757864305066,
      "var": 368055.5098410737
    }
  },
  "model_info": {
    "type": "radiomics_classifier",
    "accuracy": 90.0,
    "dataset": "UT-EndoMRI/D1_MHS"
  },
  "timestamp": "2026-01-22T02:20:02.810095"
}