{
  "result_id": "result_20260122_021935",
  "file_id": "20260122_021935_D1-000_T2.nii.gz",
  "prediction": {
    "has_endometriosis": true,
    "probability": 0.5098662972450256,
    "confidence": 0.01973259449005127
  },
  "radiomics_features": {
    "count": 30,
    "feature_names": [
      "area",
      "centroid_x",
      "centroid_y",
      "compactness",
      "energy",
      "entropy",
      "gradient_max",
      "gradient_mean",
      "gradient_std",
      "kurtosis",
      "local_variance_mean",
      "local_variance_std",
      "max",
      "mean",
      "median",
      "min",
      "percentile_10",
      "percentile_25",
      "percentile_75",
      "percentile_90",
      "perimeter",
      "scale_2_mean",
      "scale_2_std",
      "scale_4_mean",
      "scale_4_std",
      "scale_8_mean",
      "scale_8_std",
      "skewness",
      "std",
      "var"
    ],
    "feature_values": {
      "area": 230400.0,
      "centroid_x": 240.0,
      "centroid_y": 240.0,
      "compactness": 0.0,
      "energy": 101284876734.65854,
      "entropy": 2.3231958692603496,
      "gradient_max": 1391.3458726103875,
      "gradient_mean": 47.00779539857886,
      "gradient_std": 78.21755676066262,
      "kurtosis": 8.10373423079468,
      "local_variance_mean": 4367.158673724992,
      "local_variance_std": 15063.375839281198,
      "max": 3960.0419921875,
      "mean": 496.61538654540976,
      "median": 378.38909912109375,
      "min": 8.239027976989746,
      "percentile_10": 23.31225128173828,
      "percentile_25": 219.52360916137695,
      "percentile_75": 639.8226776123047,
      "percentile_90": 926.9828552246095,
      "perimeter": 0.0,
      "scale_2_mean": 446.9567620289119,
      "scale_2_std": 489.7771314026282,
      "scale_4_mean": 447.23267688366894,
      "scale_4_std": 489.55826757325246,
      "scale_8_mean": 449.2913724536863,
      "scale_8_std": 489.3305602593705,
      "skewness": 2.4880376097791332,
      "std": 491.7546156119802,
      "var": 241822.6019756864
    }
  },
  "model_info": {
    "type": "radiomics_classifier",
    "accuracy": 90.0,
    "dataset": "UT-EndoMRI/D1_MHS"
  },
  "timestamp": "2026-01-22T02:19:35.342360"
}