{
  "train_loss": [
    0.9889414310455322,
    0.9757659633954366,
    0.969913919766744,
    0.9675108194351196,
    0.9734796086947123,
    0.9623547593752543,
    0.9587313334147135,
    0.9580248792966207,
    0.9706317782402039,
    0.9722868998845419,
    0.9697984059651693,
    0.9682046175003052,
    0.9575647314389547,
    0.9657440185546875,
    0.9534775217374166,
    0.9507220188776652,
    0.9595526854197184
  ],
  "train_dice": [
    0.012142281096302035,
    0.1171544045399548,
    0.1519064580400785,
    0.15400253981351852,
    0.12324282034548477,
    0.16735277076562247,
    0.16076401871316817,
    0.16016520064920342,
    0.12072412176602655,
    0.10965546224446487,
    0.11707097295551183,
    0.11786600454616668,
    0.15961068868637085,
    0.1225807965191242,
    0.16412076852970056,
    0.20414291322231293,
    0.18951665370293494
  ],
  "val_loss": [
    0.9831488529841105,
    0.9828103383382162,
    0.9820123116175333,
    0.9804052313168844,
    0.9780540466308594,
    0.9752605160077413,
    0.9728041887283325,
    0.970627228418986,
    0.9691088398297628,
    0.9678950707117716,
    0.9673417409261068,
    0.9669272502263387,
    0.9649002353350321,
    0.9576610525449117,
    0.948639452457428,
    0.9680538177490234,
    0.9683411518732706
  ],
  "val_dice": [
    0.33333333373493973,
    0.33493761206045747,
    0.38722774318921144,
    0.18209596479230714,
    0.1221162726704945,
    0.15294137102518715,
    0.161528805912649,
    0.16429483395891545,
    0.16439168157229075,
    0.16344474754759233,
    0.1491987705398091,
    0.10049403211429703,
    0.1149584452425119,
    0.15695996087715783,
    0.20024943354018745,
    0.33455575540150745,
    0.37210180440681984
  ]
}